series_id,empty,path
SMU01000003000000001,NA,data/bls_raw/SMU01000003000000001.json
SMU01000003000000002,NA,data/bls_raw/SMU01000003000000002.json
SMU01000003000000003,NA,data/bls_raw/SMU01000003000000003.json
SMU01000003000000006,NA,data/bls_raw/SMU01000003000000006.json
SMU01000003000000007,NA,data/bls_raw/SMU01000003000000007.json
SMU01000003000000008,NA,data/bls_raw/SMU01000003000000008.json
SMU01000003000000011,NA,data/bls_raw/SMU01000003000000011.json
SMU01000003000000030,NA,data/bls_raw/SMU01000003000000030.json
SMU01000004200000001,NA,data/bls_raw/SMU01000004200000001.json
SMU01000005000000001,NA,data/bls_raw/SMU01000005000000001.json
SMU01000005500000001,NA,data/bls_raw/SMU01000005500000001.json
SMU01000005500000002,NA,data/bls_raw/SMU01000005500000002.json
SMU01000005500000003,NA,data/bls_raw/SMU01000005500000003.json
SMU01000005500000011,NA,data/bls_raw/SMU01000005500000011.json
SMU01000006000000001,NA,data/bls_raw/SMU01000006000000001.json
SMU01000006000000002,NA,data/bls_raw/SMU01000006000000002.json
SMU01000006000000003,NA,data/bls_raw/SMU01000006000000003.json
SMU01000006000000011,NA,data/bls_raw/SMU01000006000000011.json
SMU01000006500000001,NA,data/bls_raw/SMU01000006500000001.json
SMU01000006500000002,NA,data/bls_raw/SMU01000006500000002.json
SMU01000006500000003,NA,data/bls_raw/SMU01000006500000003.json
SMU01000006500000011,NA,data/bls_raw/SMU01000006500000011.json
SMU01000007000000001,NA,data/bls_raw/SMU01000007000000001.json
SMU01000007000000002,NA,data/bls_raw/SMU01000007000000002.json
SMU01000007000000003,NA,data/bls_raw/SMU01000007000000003.json
SMU01000007000000011,NA,data/bls_raw/SMU01000007000000011.json
SMU01000008000000001,NA,data/bls_raw/SMU01000008000000001.json
SMU01000008000000002,NA,data/bls_raw/SMU01000008000000002.json
SMU01000008000000003,NA,data/bls_raw/SMU01000008000000003.json
SMU01000008000000011,NA,data/bls_raw/SMU01000008000000011.json
SMU01000009000000001,NA,data/bls_raw/SMU01000009000000001.json
SMU02000001000000001,NA,data/bls_raw/SMU02000001000000001.json
SMU02000002000000001,NA,data/bls_raw/SMU02000002000000001.json
SMU02000002000000002,NA,data/bls_raw/SMU02000002000000002.json
SMU02000002000000003,NA,data/bls_raw/SMU02000002000000003.json
SMU02000002000000007,NA,data/bls_raw/SMU02000002000000007.json
SMU02000002000000008,NA,data/bls_raw/SMU02000002000000008.json
SMU02000002000000011,NA,data/bls_raw/SMU02000002000000011.json
SMU02000002000000030,NA,data/bls_raw/SMU02000002000000030.json
SMU02000003000000001,NA,data/bls_raw/SMU02000003000000001.json
SMU02000003000000002,NA,data/bls_raw/SMU02000003000000002.json
SMU02000003000000003,NA,data/bls_raw/SMU02000003000000003.json
SMU02000003000000007,NA,data/bls_raw/SMU02000003000000007.json
SMU02000003000000008,NA,data/bls_raw/SMU02000003000000008.json
SMU02000003000000011,NA,data/bls_raw/SMU02000003000000011.json
SMU02000003000000030,NA,data/bls_raw/SMU02000003000000030.json
SMU02000004200000001,NA,data/bls_raw/SMU02000004200000001.json
SMU02000005000000001,NA,data/bls_raw/SMU02000005000000001.json
SMU02000005500000001,NA,data/bls_raw/SMU02000005500000001.json
SMU02000006000000001,NA,data/bls_raw/SMU02000006000000001.json
SMU02000006000000002,NA,data/bls_raw/SMU02000006000000002.json
SMU02000006000000003,NA,data/bls_raw/SMU02000006000000003.json
SMU02000006000000011,NA,data/bls_raw/SMU02000006000000011.json
SMU02000006500000001,NA,data/bls_raw/SMU02000006500000001.json
SMU02000007000000001,NA,data/bls_raw/SMU02000007000000001.json
SMU02000007000000002,NA,data/bls_raw/SMU02000007000000002.json
SMU02000007000000003,NA,data/bls_raw/SMU02000007000000003.json
SMU02000007000000011,NA,data/bls_raw/SMU02000007000000011.json
SMU02000008000000001,NA,data/bls_raw/SMU02000008000000001.json
SMU02000009000000001,NA,data/bls_raw/SMU02000009000000001.json
SMU04000001000000001,NA,data/bls_raw/SMU04000001000000001.json
SMU04000002000000001,NA,data/bls_raw/SMU04000002000000001.json
SMU04000002000000002,NA,data/bls_raw/SMU04000002000000002.json
SMU04000002000000003,NA,data/bls_raw/SMU04000002000000003.json
SMU04000002000000007,NA,data/bls_raw/SMU04000002000000007.json
SMU04000002000000008,NA,data/bls_raw/SMU04000002000000008.json
SMU04000002000000011,NA,data/bls_raw/SMU04000002000000011.json
SMU04000002000000030,NA,data/bls_raw/SMU04000002000000030.json
SMU04000003000000001,NA,data/bls_raw/SMU04000003000000001.json
SMU04000003000000002,NA,data/bls_raw/SMU04000003000000002.json
SMU04000003000000003,NA,data/bls_raw/SMU04000003000000003.json
SMU04000003000000007,NA,data/bls_raw/SMU04000003000000007.json
SMU04000003000000008,NA,data/bls_raw/SMU04000003000000008.json
SMU04000003000000011,NA,data/bls_raw/SMU04000003000000011.json
SMU04000003000000030,NA,data/bls_raw/SMU04000003000000030.json
SMU04000004200000001,NA,data/bls_raw/SMU04000004200000001.json
SMU04000004200000007,NA,data/bls_raw/SMU04000004200000007.json
SMU04000004200000008,NA,data/bls_raw/SMU04000004200000008.json
SMU04000004200000030,NA,data/bls_raw/SMU04000004200000030.json
SMU04000005000000001,NA,data/bls_raw/SMU04000005000000001.json
SMU04000005500000001,NA,data/bls_raw/SMU04000005500000001.json
SMU04000005500000002,NA,data/bls_raw/SMU04000005500000002.json
SMU04000005500000003,NA,data/bls_raw/SMU04000005500000003.json
SMU04000005500000011,NA,data/bls_raw/SMU04000005500000011.json
SMU04000006000000001,NA,data/bls_raw/SMU04000006000000001.json
SMU04000006000000002,NA,data/bls_raw/SMU04000006000000002.json
SMU04000006000000003,NA,data/bls_raw/SMU04000006000000003.json
SMU04000006000000011,NA,data/bls_raw/SMU04000006000000011.json
SMU04000006500000001,NA,data/bls_raw/SMU04000006500000001.json
SMU04000006500000002,NA,data/bls_raw/SMU04000006500000002.json
SMU04000006500000003,NA,data/bls_raw/SMU04000006500000003.json
SMU04000006500000011,NA,data/bls_raw/SMU04000006500000011.json
SMU04000007000000001,NA,data/bls_raw/SMU04000007000000001.json
SMU04000007000000002,NA,data/bls_raw/SMU04000007000000002.json
SMU04000007000000003,NA,data/bls_raw/SMU04000007000000003.json
SMU04000007000000011,NA,data/bls_raw/SMU04000007000000011.json
SMU04000008000000001,NA,data/bls_raw/SMU04000008000000001.json
SMU04000008000000002,NA,data/bls_raw/SMU04000008000000002.json
SMU04000008000000003,NA,data/bls_raw/SMU04000008000000003.json
SMU04000008000000011,NA,data/bls_raw/SMU04000008000000011.json
SMU04000009000000001,NA,data/bls_raw/SMU04000009000000001.json
SMU05000001000000001,NA,data/bls_raw/SMU05000001000000001.json
SMU05000002000000001,NA,data/bls_raw/SMU05000002000000001.json
SMU05000002000000002,NA,data/bls_raw/SMU05000002000000002.json
SMU05000002000000003,NA,data/bls_raw/SMU05000002000000003.json
SMU05000002000000011,NA,data/bls_raw/SMU05000002000000011.json
SMU05000003000000001,NA,data/bls_raw/SMU05000003000000001.json
SMU05000003000000002,NA,data/bls_raw/SMU05000003000000002.json
SMU05000003000000003,NA,data/bls_raw/SMU05000003000000003.json
SMU05000003000000006,NA,data/bls_raw/SMU05000003000000006.json
SMU05000003000000007,NA,data/bls_raw/SMU05000003000000007.json
SMU05000003000000008,NA,data/bls_raw/SMU05000003000000008.json
SMU05000003000000011,NA,data/bls_raw/SMU05000003000000011.json
SMU05000003000000030,NA,data/bls_raw/SMU05000003000000030.json
SMU05000004200000001,NA,data/bls_raw/SMU05000004200000001.json
SMU05000005000000001,NA,data/bls_raw/SMU05000005000000001.json
SMU05000005500000001,NA,data/bls_raw/SMU05000005500000001.json
SMU05000005500000002,NA,data/bls_raw/SMU05000005500000002.json
SMU05000005500000003,NA,data/bls_raw/SMU05000005500000003.json
SMU05000005500000011,NA,data/bls_raw/SMU05000005500000011.json
SMU05000006000000001,NA,data/bls_raw/SMU05000006000000001.json
SMU05000006000000002,NA,data/bls_raw/SMU05000006000000002.json
SMU05000006000000003,NA,data/bls_raw/SMU05000006000000003.json
SMU05000006000000011,NA,data/bls_raw/SMU05000006000000011.json
SMU05000006500000001,NA,data/bls_raw/SMU05000006500000001.json
SMU05000006500000002,NA,data/bls_raw/SMU05000006500000002.json
SMU05000006500000003,NA,data/bls_raw/SMU05000006500000003.json
SMU05000006500000011,NA,data/bls_raw/SMU05000006500000011.json
SMU05000007000000001,NA,data/bls_raw/SMU05000007000000001.json
SMU05000007000000002,NA,data/bls_raw/SMU05000007000000002.json
SMU05000007000000003,NA,data/bls_raw/SMU05000007000000003.json
SMU05000007000000011,NA,data/bls_raw/SMU05000007000000011.json
SMU05000008000000001,NA,data/bls_raw/SMU05000008000000001.json
SMU05000009000000001,NA,data/bls_raw/SMU05000009000000001.json
SMU06000001000000001,NA,data/bls_raw/SMU06000001000000001.json
SMU06000002000000001,NA,data/bls_raw/SMU06000002000000001.json
SMU06000002000000002,NA,data/bls_raw/SMU06000002000000002.json
SMU06000002000000003,NA,data/bls_raw/SMU06000002000000003.json
SMU06000002000000011,NA,data/bls_raw/SMU06000002000000011.json
SMU06000003000000001,NA,data/bls_raw/SMU06000003000000001.json
SMU06000003000000002,NA,data/bls_raw/SMU06000003000000002.json
SMU06000003000000003,NA,data/bls_raw/SMU06000003000000003.json
SMU06000003000000007,NA,data/bls_raw/SMU06000003000000007.json
SMU06000003000000008,NA,data/bls_raw/SMU06000003000000008.json
SMU06000003000000011,NA,data/bls_raw/SMU06000003000000011.json
SMU06000003000000030,NA,data/bls_raw/SMU06000003000000030.json
SMU06000004200000001,NA,data/bls_raw/SMU06000004200000001.json
SMU06000005000000001,NA,data/bls_raw/SMU06000005000000001.json
SMU06000005000000002,NA,data/bls_raw/SMU06000005000000002.json
SMU06000005000000003,NA,data/bls_raw/SMU06000005000000003.json
SMU06000005000000011,NA,data/bls_raw/SMU06000005000000011.json
SMU06000005500000001,NA,data/bls_raw/SMU06000005500000001.json
SMU06000005500000002,NA,data/bls_raw/SMU06000005500000002.json
SMU06000005500000003,NA,data/bls_raw/SMU06000005500000003.json
SMU06000005500000011,NA,data/bls_raw/SMU06000005500000011.json
SMU06000006000000001,NA,data/bls_raw/SMU06000006000000001.json
SMU06000006000000002,NA,data/bls_raw/SMU06000006000000002.json
SMU06000006000000003,NA,data/bls_raw/SMU06000006000000003.json
SMU06000006000000011,NA,data/bls_raw/SMU06000006000000011.json
SMU06000006500000001,NA,data/bls_raw/SMU06000006500000001.json
SMU06000006500000002,NA,data/bls_raw/SMU06000006500000002.json
SMU06000006500000003,NA,data/bls_raw/SMU06000006500000003.json
SMU06000006500000011,NA,data/bls_raw/SMU06000006500000011.json
SMU06000007000000001,NA,data/bls_raw/SMU06000007000000001.json
SMU06000007000000002,NA,data/bls_raw/SMU06000007000000002.json
SMU06000007000000003,NA,data/bls_raw/SMU06000007000000003.json
SMU06000007000000011,NA,data/bls_raw/SMU06000007000000011.json
SMU06000008000000001,NA,data/bls_raw/SMU06000008000000001.json
SMU06000008000000002,NA,data/bls_raw/SMU06000008000000002.json
SMU06000008000000003,NA,data/bls_raw/SMU06000008000000003.json
SMU06000008000000011,NA,data/bls_raw/SMU06000008000000011.json
SMU06000009000000001,NA,data/bls_raw/SMU06000009000000001.json
SMU08000001000000001,NA,data/bls_raw/SMU08000001000000001.json
SMU08000002000000001,NA,data/bls_raw/SMU08000002000000001.json
SMU08000002000000002,NA,data/bls_raw/SMU08000002000000002.json
SMU08000002000000003,NA,data/bls_raw/SMU08000002000000003.json
SMU08000002000000007,NA,data/bls_raw/SMU08000002000000007.json
SMU08000002000000008,NA,data/bls_raw/SMU08000002000000008.json
SMU08000002000000011,NA,data/bls_raw/SMU08000002000000011.json
SMU08000002000000030,NA,data/bls_raw/SMU08000002000000030.json
SMU08000003000000001,NA,data/bls_raw/SMU08000003000000001.json
SMU08000003000000002,NA,data/bls_raw/SMU08000003000000002.json
SMU08000003000000003,NA,data/bls_raw/SMU08000003000000003.json
SMU08000003000000007,NA,data/bls_raw/SMU08000003000000007.json
SMU08000003000000008,NA,data/bls_raw/SMU08000003000000008.json
SMU08000003000000011,NA,data/bls_raw/SMU08000003000000011.json
SMU08000003000000030,NA,data/bls_raw/SMU08000003000000030.json
SMU08000004200000001,NA,data/bls_raw/SMU08000004200000001.json
SMU08000005000000001,NA,data/bls_raw/SMU08000005000000001.json
SMU08000005500000001,NA,data/bls_raw/SMU08000005500000001.json
SMU08000005500000002,NA,data/bls_raw/SMU08000005500000002.json
SMU08000005500000003,NA,data/bls_raw/SMU08000005500000003.json
SMU08000005500000011,NA,data/bls_raw/SMU08000005500000011.json
SMU08000006000000001,NA,data/bls_raw/SMU08000006000000001.json
SMU08000006000000002,NA,data/bls_raw/SMU08000006000000002.json
SMU08000006000000003,NA,data/bls_raw/SMU08000006000000003.json
SMU08000006000000011,NA,data/bls_raw/SMU08000006000000011.json
SMU08000006500000001,NA,data/bls_raw/SMU08000006500000001.json
SMU08000006500000002,NA,data/bls_raw/SMU08000006500000002.json
SMU08000006500000003,NA,data/bls_raw/SMU08000006500000003.json
SMU08000006500000011,NA,data/bls_raw/SMU08000006500000011.json
SMU08000007000000001,NA,data/bls_raw/SMU08000007000000001.json
SMU08000007000000002,NA,data/bls_raw/SMU08000007000000002.json
SMU08000007000000003,NA,data/bls_raw/SMU08000007000000003.json
SMU08000007000000011,NA,data/bls_raw/SMU08000007000000011.json
SMU08000008000000001,NA,data/bls_raw/SMU08000008000000001.json
SMU08000008000000002,NA,data/bls_raw/SMU08000008000000002.json
SMU08000008000000003,NA,data/bls_raw/SMU08000008000000003.json
SMU08000008000000011,NA,data/bls_raw/SMU08000008000000011.json
SMU08000009000000001,NA,data/bls_raw/SMU08000009000000001.json
SMU09000001000000001,NA,data/bls_raw/SMU09000001000000001.json
SMU09000002000000001,NA,data/bls_raw/SMU09000002000000001.json
SMU09000002000000002,NA,data/bls_raw/SMU09000002000000002.json
SMU09000002000000003,NA,data/bls_raw/SMU09000002000000003.json
SMU09000002000000006,NA,data/bls_raw/SMU09000002000000006.json
SMU09000002000000007,NA,data/bls_raw/SMU09000002000000007.json
SMU09000002000000008,NA,data/bls_raw/SMU09000002000000008.json
SMU09000002000000011,NA,data/bls_raw/SMU09000002000000011.json
SMU09000002000000030,NA,data/bls_raw/SMU09000002000000030.json
SMU09000003000000001,NA,data/bls_raw/SMU09000003000000001.json
SMU09000003000000002,NA,data/bls_raw/SMU09000003000000002.json
SMU09000003000000003,NA,data/bls_raw/SMU09000003000000003.json
SMU09000003000000006,NA,data/bls_raw/SMU09000003000000006.json
SMU09000003000000007,NA,data/bls_raw/SMU09000003000000007.json
SMU09000003000000008,NA,data/bls_raw/SMU09000003000000008.json
SMU09000003000000011,NA,data/bls_raw/SMU09000003000000011.json
SMU09000003000000030,NA,data/bls_raw/SMU09000003000000030.json
SMU09000004200000001,NA,data/bls_raw/SMU09000004200000001.json
SMU09000005000000001,NA,data/bls_raw/SMU09000005000000001.json
SMU09000005500000001,NA,data/bls_raw/SMU09000005500000001.json
SMU09000005500000002,NA,data/bls_raw/SMU09000005500000002.json
SMU09000005500000003,NA,data/bls_raw/SMU09000005500000003.json
SMU09000005500000011,NA,data/bls_raw/SMU09000005500000011.json
SMU09000006000000001,NA,data/bls_raw/SMU09000006000000001.json
SMU09000006000000002,NA,data/bls_raw/SMU09000006000000002.json
SMU09000006000000003,NA,data/bls_raw/SMU09000006000000003.json
SMU09000006000000011,NA,data/bls_raw/SMU09000006000000011.json
SMU09000006500000001,NA,data/bls_raw/SMU09000006500000001.json
SMU09000006500000002,NA,data/bls_raw/SMU09000006500000002.json
SMU09000006500000003,NA,data/bls_raw/SMU09000006500000003.json
SMU09000006500000011,NA,data/bls_raw/SMU09000006500000011.json
SMU09000007000000001,NA,data/bls_raw/SMU09000007000000001.json
SMU09000007000000002,NA,data/bls_raw/SMU09000007000000002.json
SMU09000007000000003,NA,data/bls_raw/SMU09000007000000003.json
SMU09000007000000011,NA,data/bls_raw/SMU09000007000000011.json
SMU09000008000000001,NA,data/bls_raw/SMU09000008000000001.json
SMU09000008000000002,NA,data/bls_raw/SMU09000008000000002.json
SMU09000008000000003,NA,data/bls_raw/SMU09000008000000003.json
SMU09000008000000011,NA,data/bls_raw/SMU09000008000000011.json
SMU09000009000000001,NA,data/bls_raw/SMU09000009000000001.json
SMU10000003000000001,NA,data/bls_raw/SMU10000003000000001.json
SMU10000003000000002,NA,data/bls_raw/SMU10000003000000002.json
SMU10000003000000003,NA,data/bls_raw/SMU10000003000000003.json
SMU10000003000000007,NA,data/bls_raw/SMU10000003000000007.json
SMU10000003000000008,NA,data/bls_raw/SMU10000003000000008.json
SMU10000003000000011,NA,data/bls_raw/SMU10000003000000011.json
SMU10000003000000030,NA,data/bls_raw/SMU10000003000000030.json
SMU10000004200000001,NA,data/bls_raw/SMU10000004200000001.json
SMU10000005000000001,NA,data/bls_raw/SMU10000005000000001.json
SMU10000005500000001,NA,data/bls_raw/SMU10000005500000001.json
SMU10000005500000002,NA,data/bls_raw/SMU10000005500000002.json
SMU10000005500000003,NA,data/bls_raw/SMU10000005500000003.json
SMU10000005500000011,NA,data/bls_raw/SMU10000005500000011.json
SMU10000006000000001,NA,data/bls_raw/SMU10000006000000001.json
SMU10000006000000002,NA,data/bls_raw/SMU10000006000000002.json
SMU10000006000000003,NA,data/bls_raw/SMU10000006000000003.json
SMU10000006000000011,NA,data/bls_raw/SMU10000006000000011.json
SMU10000006500000001,NA,data/bls_raw/SMU10000006500000001.json
SMU10000006500000002,NA,data/bls_raw/SMU10000006500000002.json
SMU10000006500000003,NA,data/bls_raw/SMU10000006500000003.json
SMU10000006500000011,NA,data/bls_raw/SMU10000006500000011.json
SMU10000007000000001,NA,data/bls_raw/SMU10000007000000001.json
SMU10000007000000002,NA,data/bls_raw/SMU10000007000000002.json
SMU10000007000000003,NA,data/bls_raw/SMU10000007000000003.json
SMU10000007000000011,NA,data/bls_raw/SMU10000007000000011.json
SMU10000008000000001,NA,data/bls_raw/SMU10000008000000001.json
SMU10000009000000001,NA,data/bls_raw/SMU10000009000000001.json
SMU11000003000000001,NA,data/bls_raw/SMU11000003000000001.json
SMU11000004200000001,NA,data/bls_raw/SMU11000004200000001.json
SMU11000005000000001,NA,data/bls_raw/SMU11000005000000001.json
SMU11000005500000001,NA,data/bls_raw/SMU11000005500000001.json
SMU11000006000000001,NA,data/bls_raw/SMU11000006000000001.json
SMU11000006000000002,NA,data/bls_raw/SMU11000006000000002.json
SMU11000006000000003,NA,data/bls_raw/SMU11000006000000003.json
SMU11000006000000011,NA,data/bls_raw/SMU11000006000000011.json
SMU11000006500000001,NA,data/bls_raw/SMU11000006500000001.json
SMU11000007000000001,NA,data/bls_raw/SMU11000007000000001.json
SMU11000007000000002,NA,data/bls_raw/SMU11000007000000002.json
SMU11000007000000003,NA,data/bls_raw/SMU11000007000000003.json
SMU11000007000000011,NA,data/bls_raw/SMU11000007000000011.json
SMU11000008000000001,NA,data/bls_raw/SMU11000008000000001.json
SMU11000008000000002,NA,data/bls_raw/SMU11000008000000002.json
SMU11000008000000003,NA,data/bls_raw/SMU11000008000000003.json
SMU11000008000000011,NA,data/bls_raw/SMU11000008000000011.json
SMU11000009000000001,NA,data/bls_raw/SMU11000009000000001.json
SMU12000001000000001,NA,data/bls_raw/SMU12000001000000001.json
SMU12000002000000001,NA,data/bls_raw/SMU12000002000000001.json
SMU12000002000000002,NA,data/bls_raw/SMU12000002000000002.json
SMU12000002000000003,NA,data/bls_raw/SMU12000002000000003.json
SMU12000002000000011,NA,data/bls_raw/SMU12000002000000011.json
SMU12000003000000001,NA,data/bls_raw/SMU12000003000000001.json
SMU12000003000000002,NA,data/bls_raw/SMU12000003000000002.json
SMU12000003000000003,NA,data/bls_raw/SMU12000003000000003.json
SMU12000003000000007,NA,data/bls_raw/SMU12000003000000007.json
SMU12000003000000008,NA,data/bls_raw/SMU12000003000000008.json
SMU12000003000000011,NA,data/bls_raw/SMU12000003000000011.json
SMU12000003000000030,NA,data/bls_raw/SMU12000003000000030.json
SMU12000004200000001,NA,data/bls_raw/SMU12000004200000001.json
SMU12000005000000001,NA,data/bls_raw/SMU12000005000000001.json
SMU12000005500000001,NA,data/bls_raw/SMU12000005500000001.json
SMU12000005500000002,NA,data/bls_raw/SMU12000005500000002.json
SMU12000005500000003,NA,data/bls_raw/SMU12000005500000003.json
SMU12000005500000011,NA,data/bls_raw/SMU12000005500000011.json
SMU12000006000000001,NA,data/bls_raw/SMU12000006000000001.json
SMU12000006000000002,NA,data/bls_raw/SMU12000006000000002.json
SMU12000006000000003,NA,data/bls_raw/SMU12000006000000003.json
SMU12000006000000011,NA,data/bls_raw/SMU12000006000000011.json
SMU12000006500000001,NA,data/bls_raw/SMU12000006500000001.json
SMU12000006500000002,NA,data/bls_raw/SMU12000006500000002.json
SMU12000006500000003,NA,data/bls_raw/SMU12000006500000003.json
SMU12000006500000011,NA,data/bls_raw/SMU12000006500000011.json
SMU12000007000000001,NA,data/bls_raw/SMU12000007000000001.json
SMU12000007000000002,NA,data/bls_raw/SMU12000007000000002.json
SMU12000007000000003,NA,data/bls_raw/SMU12000007000000003.json
SMU12000007000000011,NA,data/bls_raw/SMU12000007000000011.json
SMU12000008000000001,NA,data/bls_raw/SMU12000008000000001.json
SMU12000008000000002,NA,data/bls_raw/SMU12000008000000002.json
SMU12000008000000003,NA,data/bls_raw/SMU12000008000000003.json
SMU12000008000000011,NA,data/bls_raw/SMU12000008000000011.json
SMU12000009000000001,NA,data/bls_raw/SMU12000009000000001.json
SMU13000001000000001,NA,data/bls_raw/SMU13000001000000001.json
SMU13000002000000001,NA,data/bls_raw/SMU13000002000000001.json
SMU13000002000000002,NA,data/bls_raw/SMU13000002000000002.json
SMU13000002000000003,NA,data/bls_raw/SMU13000002000000003.json
SMU13000002000000011,NA,data/bls_raw/SMU13000002000000011.json
SMU13000003000000001,NA,data/bls_raw/SMU13000003000000001.json
SMU13000003000000002,NA,data/bls_raw/SMU13000003000000002.json
SMU13000003000000003,NA,data/bls_raw/SMU13000003000000003.json
SMU13000003000000007,NA,data/bls_raw/SMU13000003000000007.json
SMU13000003000000008,NA,data/bls_raw/SMU13000003000000008.json
SMU13000003000000011,NA,data/bls_raw/SMU13000003000000011.json
SMU13000003000000030,NA,data/bls_raw/SMU13000003000000030.json
SMU13000004200000001,NA,data/bls_raw/SMU13000004200000001.json
SMU13000005000000001,NA,data/bls_raw/SMU13000005000000001.json
SMU13000005500000001,NA,data/bls_raw/SMU13000005500000001.json
SMU13000005500000002,NA,data/bls_raw/SMU13000005500000002.json
SMU13000005500000003,NA,data/bls_raw/SMU13000005500000003.json
SMU13000005500000011,NA,data/bls_raw/SMU13000005500000011.json
SMU13000006000000001,NA,data/bls_raw/SMU13000006000000001.json
SMU13000006000000002,NA,data/bls_raw/SMU13000006000000002.json
SMU13000006000000003,NA,data/bls_raw/SMU13000006000000003.json
SMU13000006000000011,NA,data/bls_raw/SMU13000006000000011.json
SMU13000006500000001,NA,data/bls_raw/SMU13000006500000001.json
SMU13000006500000002,NA,data/bls_raw/SMU13000006500000002.json
SMU13000006500000003,NA,data/bls_raw/SMU13000006500000003.json
SMU13000006500000011,NA,data/bls_raw/SMU13000006500000011.json
SMU13000007000000001,NA,data/bls_raw/SMU13000007000000001.json
SMU13000007000000002,NA,data/bls_raw/SMU13000007000000002.json
SMU13000007000000003,NA,data/bls_raw/SMU13000007000000003.json
SMU13000007000000011,NA,data/bls_raw/SMU13000007000000011.json
SMU13000008000000001,NA,data/bls_raw/SMU13000008000000001.json
SMU13000008000000002,NA,data/bls_raw/SMU13000008000000002.json
SMU13000008000000003,NA,data/bls_raw/SMU13000008000000003.json
SMU13000008000000011,NA,data/bls_raw/SMU13000008000000011.json
SMU13000009000000001,NA,data/bls_raw/SMU13000009000000001.json
SMU15000003000000001,NA,data/bls_raw/SMU15000003000000001.json
SMU15000003000000002,NA,data/bls_raw/SMU15000003000000002.json
SMU15000003000000003,NA,data/bls_raw/SMU15000003000000003.json
SMU15000003000000006,NA,data/bls_raw/SMU15000003000000006.json
SMU15000003000000007,NA,data/bls_raw/SMU15000003000000007.json
SMU15000003000000008,NA,data/bls_raw/SMU15000003000000008.json
SMU15000003000000011,NA,data/bls_raw/SMU15000003000000011.json
SMU15000003000000030,NA,data/bls_raw/SMU15000003000000030.json
SMU15000004200000001,NA,data/bls_raw/SMU15000004200000001.json
SMU15000004200000006,NA,data/bls_raw/SMU15000004200000006.json
SMU15000004200000007,NA,data/bls_raw/SMU15000004200000007.json
SMU15000004200000008,NA,data/bls_raw/SMU15000004200000008.json
SMU15000004200000030,NA,data/bls_raw/SMU15000004200000030.json
SMU15000005000000001,NA,data/bls_raw/SMU15000005000000001.json
SMU15000005500000001,NA,data/bls_raw/SMU15000005500000001.json
SMU15000005500000006,NA,data/bls_raw/SMU15000005500000006.json
SMU15000005500000007,NA,data/bls_raw/SMU15000005500000007.json
SMU15000005500000008,NA,data/bls_raw/SMU15000005500000008.json
SMU15000005500000030,NA,data/bls_raw/SMU15000005500000030.json
SMU15000006000000001,NA,data/bls_raw/SMU15000006000000001.json
SMU15000006000000002,NA,data/bls_raw/SMU15000006000000002.json
SMU15000006000000003,NA,data/bls_raw/SMU15000006000000003.json
SMU15000006000000011,NA,data/bls_raw/SMU15000006000000011.json
SMU15000006500000001,NA,data/bls_raw/SMU15000006500000001.json
SMU15000006500000002,NA,data/bls_raw/SMU15000006500000002.json
SMU15000006500000003,NA,data/bls_raw/SMU15000006500000003.json
SMU15000006500000011,NA,data/bls_raw/SMU15000006500000011.json
SMU15000007000000001,NA,data/bls_raw/SMU15000007000000001.json
SMU15000007000000002,NA,data/bls_raw/SMU15000007000000002.json
SMU15000007000000003,NA,data/bls_raw/SMU15000007000000003.json
SMU15000007000000011,NA,data/bls_raw/SMU15000007000000011.json
SMU15000008000000001,NA,data/bls_raw/SMU15000008000000001.json
SMU15000009000000001,NA,data/bls_raw/SMU15000009000000001.json
SMU16000001000000001,NA,data/bls_raw/SMU16000001000000001.json
SMU16000002000000001,NA,data/bls_raw/SMU16000002000000001.json
SMU16000002000000002,NA,data/bls_raw/SMU16000002000000002.json
SMU16000002000000003,NA,data/bls_raw/SMU16000002000000003.json
SMU16000002000000011,NA,data/bls_raw/SMU16000002000000011.json
SMU16000003000000001,NA,data/bls_raw/SMU16000003000000001.json
SMU16000003000000002,NA,data/bls_raw/SMU16000003000000002.json
SMU16000003000000003,NA,data/bls_raw/SMU16000003000000003.json
SMU16000003000000007,NA,data/bls_raw/SMU16000003000000007.json
SMU16000003000000008,NA,data/bls_raw/SMU16000003000000008.json
SMU16000003000000011,NA,data/bls_raw/SMU16000003000000011.json
SMU16000003000000030,NA,data/bls_raw/SMU16000003000000030.json
SMU16000004200000001,NA,data/bls_raw/SMU16000004200000001.json
SMU16000005000000001,NA,data/bls_raw/SMU16000005000000001.json
SMU16000005500000001,NA,data/bls_raw/SMU16000005500000001.json
SMU16000005500000002,NA,data/bls_raw/SMU16000005500000002.json
SMU16000005500000003,NA,data/bls_raw/SMU16000005500000003.json
SMU16000005500000011,NA,data/bls_raw/SMU16000005500000011.json
SMU16000006000000001,NA,data/bls_raw/SMU16000006000000001.json
SMU16000006000000002,NA,data/bls_raw/SMU16000006000000002.json
SMU16000006000000003,NA,data/bls_raw/SMU16000006000000003.json
SMU16000006000000011,NA,data/bls_raw/SMU16000006000000011.json
SMU16000006500000001,NA,data/bls_raw/SMU16000006500000001.json
SMU16000006500000002,NA,data/bls_raw/SMU16000006500000002.json
SMU16000006500000003,NA,data/bls_raw/SMU16000006500000003.json
SMU16000006500000011,NA,data/bls_raw/SMU16000006500000011.json
SMU16000007000000001,NA,data/bls_raw/SMU16000007000000001.json
SMU16000007000000002,NA,data/bls_raw/SMU16000007000000002.json
SMU16000007000000003,NA,data/bls_raw/SMU16000007000000003.json
SMU16000007000000011,NA,data/bls_raw/SMU16000007000000011.json
SMU16000008000000001,NA,data/bls_raw/SMU16000008000000001.json
SMU16000009000000001,NA,data/bls_raw/SMU16000009000000001.json
SMU17000001000000001,NA,data/bls_raw/SMU17000001000000001.json
SMU17000002000000001,NA,data/bls_raw/SMU17000002000000001.json
SMU17000002000000002,NA,data/bls_raw/SMU17000002000000002.json
SMU17000002000000003,NA,data/bls_raw/SMU17000002000000003.json
SMU17000002000000007,NA,data/bls_raw/SMU17000002000000007.json
SMU17000002000000008,NA,data/bls_raw/SMU17000002000000008.json
SMU17000002000000011,NA,data/bls_raw/SMU17000002000000011.json
SMU17000002000000030,NA,data/bls_raw/SMU17000002000000030.json
SMU17000003000000001,NA,data/bls_raw/SMU17000003000000001.json
SMU17000003000000002,NA,data/bls_raw/SMU17000003000000002.json
SMU17000003000000003,NA,data/bls_raw/SMU17000003000000003.json
SMU17000003000000007,NA,data/bls_raw/SMU17000003000000007.json
SMU17000003000000008,NA,data/bls_raw/SMU17000003000000008.json
SMU17000003000000011,NA,data/bls_raw/SMU17000003000000011.json
SMU17000003000000030,NA,data/bls_raw/SMU17000003000000030.json
SMU17000004200000001,NA,data/bls_raw/SMU17000004200000001.json
SMU17000004200000007,NA,data/bls_raw/SMU17000004200000007.json
SMU17000004200000008,NA,data/bls_raw/SMU17000004200000008.json
SMU17000004200000030,NA,data/bls_raw/SMU17000004200000030.json
SMU17000005000000001,NA,data/bls_raw/SMU17000005000000001.json
SMU17000005000000002,NA,data/bls_raw/SMU17000005000000002.json
SMU17000005000000003,NA,data/bls_raw/SMU17000005000000003.json
SMU17000005000000007,NA,data/bls_raw/SMU17000005000000007.json
SMU17000005000000008,NA,data/bls_raw/SMU17000005000000008.json
SMU17000005000000011,NA,data/bls_raw/SMU17000005000000011.json
SMU17000005000000030,NA,data/bls_raw/SMU17000005000000030.json
SMU17000005500000001,NA,data/bls_raw/SMU17000005500000001.json
SMU17000005500000002,NA,data/bls_raw/SMU17000005500000002.json
SMU17000005500000003,NA,data/bls_raw/SMU17000005500000003.json
SMU17000005500000007,NA,data/bls_raw/SMU17000005500000007.json
SMU17000005500000008,NA,data/bls_raw/SMU17000005500000008.json
SMU17000005500000011,NA,data/bls_raw/SMU17000005500000011.json
SMU17000005500000030,NA,data/bls_raw/SMU17000005500000030.json
SMU17000006000000001,NA,data/bls_raw/SMU17000006000000001.json
SMU17000006000000002,NA,data/bls_raw/SMU17000006000000002.json
SMU17000006000000003,NA,data/bls_raw/SMU17000006000000003.json
SMU17000006000000011,NA,data/bls_raw/SMU17000006000000011.json
SMU17000006500000001,NA,data/bls_raw/SMU17000006500000001.json
SMU17000006500000002,NA,data/bls_raw/SMU17000006500000002.json
SMU17000006500000003,NA,data/bls_raw/SMU17000006500000003.json
SMU17000006500000007,NA,data/bls_raw/SMU17000006500000007.json
SMU17000006500000008,NA,data/bls_raw/SMU17000006500000008.json
SMU17000006500000011,NA,data/bls_raw/SMU17000006500000011.json
SMU17000006500000030,NA,data/bls_raw/SMU17000006500000030.json
SMU17000007000000001,NA,data/bls_raw/SMU17000007000000001.json
SMU17000007000000002,NA,data/bls_raw/SMU17000007000000002.json
SMU17000007000000003,NA,data/bls_raw/SMU17000007000000003.json
SMU17000007000000011,NA,data/bls_raw/SMU17000007000000011.json
SMU17000008000000001,NA,data/bls_raw/SMU17000008000000001.json
SMU17000008000000002,NA,data/bls_raw/SMU17000008000000002.json
SMU17000008000000003,NA,data/bls_raw/SMU17000008000000003.json
SMU17000008000000007,NA,data/bls_raw/SMU17000008000000007.json
SMU17000008000000008,NA,data/bls_raw/SMU17000008000000008.json
SMU17000008000000011,NA,data/bls_raw/SMU17000008000000011.json
SMU17000008000000030,NA,data/bls_raw/SMU17000008000000030.json
SMU17000009000000001,NA,data/bls_raw/SMU17000009000000001.json
SMU18000001000000001,NA,data/bls_raw/SMU18000001000000001.json
SMU18000002000000001,NA,data/bls_raw/SMU18000002000000001.json
SMU18000002000000002,NA,data/bls_raw/SMU18000002000000002.json
SMU18000002000000003,NA,data/bls_raw/SMU18000002000000003.json
SMU18000002000000007,NA,data/bls_raw/SMU18000002000000007.json
SMU18000002000000008,NA,data/bls_raw/SMU18000002000000008.json
SMU18000002000000011,NA,data/bls_raw/SMU18000002000000011.json
SMU18000002000000030,NA,data/bls_raw/SMU18000002000000030.json
SMU18000003000000001,NA,data/bls_raw/SMU18000003000000001.json
SMU18000004200000001,NA,data/bls_raw/SMU18000004200000001.json
SMU18000005000000001,NA,data/bls_raw/SMU18000005000000001.json
SMU18000005500000001,NA,data/bls_raw/SMU18000005500000001.json
SMU18000006000000001,NA,data/bls_raw/SMU18000006000000001.json
SMU18000006500000001,NA,data/bls_raw/SMU18000006500000001.json
SMU18000007000000001,NA,data/bls_raw/SMU18000007000000001.json
SMU18000008000000001,NA,data/bls_raw/SMU18000008000000001.json
SMU18000009000000001,NA,data/bls_raw/SMU18000009000000001.json
SMU19000001000000001,NA,data/bls_raw/SMU19000001000000001.json
SMU19000002000000001,NA,data/bls_raw/SMU19000002000000001.json
SMU19000003000000001,NA,data/bls_raw/SMU19000003000000001.json
SMU19000004200000001,NA,data/bls_raw/SMU19000004200000001.json
SMU19000005000000001,NA,data/bls_raw/SMU19000005000000001.json
SMU19000005500000001,NA,data/bls_raw/SMU19000005500000001.json
SMU19000006000000001,NA,data/bls_raw/SMU19000006000000001.json
SMU19000006500000001,NA,data/bls_raw/SMU19000006500000001.json
SMU19000007000000001,NA,data/bls_raw/SMU19000007000000001.json
SMU19000008000000001,NA,data/bls_raw/SMU19000008000000001.json
SMU19000009000000001,NA,data/bls_raw/SMU19000009000000001.json
SMU20000001000000001,NA,data/bls_raw/SMU20000001000000001.json
SMU20000002000000001,NA,data/bls_raw/SMU20000002000000001.json
SMU20000003000000001,NA,data/bls_raw/SMU20000003000000001.json
SMU20000004200000001,NA,data/bls_raw/SMU20000004200000001.json
SMU20000005000000001,NA,data/bls_raw/SMU20000005000000001.json
SMU20000005500000001,NA,data/bls_raw/SMU20000005500000001.json
SMU20000006000000001,NA,data/bls_raw/SMU20000006000000001.json
SMU20000006500000001,NA,data/bls_raw/SMU20000006500000001.json
SMU20000007000000001,NA,data/bls_raw/SMU20000007000000001.json
SMU20000008000000001,NA,data/bls_raw/SMU20000008000000001.json
SMU20000009000000001,NA,data/bls_raw/SMU20000009000000001.json
SMU21000001000000001,NA,data/bls_raw/SMU21000001000000001.json
SMU21000002000000001,NA,data/bls_raw/SMU21000002000000001.json
SMU21000003000000001,NA,data/bls_raw/SMU21000003000000001.json
SMU21000004200000001,NA,data/bls_raw/SMU21000004200000001.json
SMU21000005000000001,NA,data/bls_raw/SMU21000005000000001.json
SMU21000005500000001,NA,data/bls_raw/SMU21000005500000001.json
SMU21000006000000001,NA,data/bls_raw/SMU21000006000000001.json
SMU21000006500000001,NA,data/bls_raw/SMU21000006500000001.json
SMU21000007000000001,NA,data/bls_raw/SMU21000007000000001.json
SMU21000008000000001,NA,data/bls_raw/SMU21000008000000001.json
SMU21000009000000001,NA,data/bls_raw/SMU21000009000000001.json
SMU22000001000000001,NA,data/bls_raw/SMU22000001000000001.json
SMU22000002000000001,NA,data/bls_raw/SMU22000002000000001.json
SMU22000003000000001,NA,data/bls_raw/SMU22000003000000001.json
SMU22000004200000001,NA,data/bls_raw/SMU22000004200000001.json
SMU22000005000000001,NA,data/bls_raw/SMU22000005000000001.json
SMU22000005500000001,NA,data/bls_raw/SMU22000005500000001.json
SMU22000006000000001,NA,data/bls_raw/SMU22000006000000001.json
SMU22000006500000001,NA,data/bls_raw/SMU22000006500000001.json
SMU22000007000000001,NA,data/bls_raw/SMU22000007000000001.json
SMU22000008000000001,NA,data/bls_raw/SMU22000008000000001.json
SMU22000009000000001,NA,data/bls_raw/SMU22000009000000001.json
SMU23000001000000001,NA,data/bls_raw/SMU23000001000000001.json
SMU23000002000000001,NA,data/bls_raw/SMU23000002000000001.json
SMU23000003000000001,NA,data/bls_raw/SMU23000003000000001.json
SMU23000004200000001,NA,data/bls_raw/SMU23000004200000001.json
SMU23000005000000001,NA,data/bls_raw/SMU23000005000000001.json
SMU23000005500000001,NA,data/bls_raw/SMU23000005500000001.json
SMU23000006000000001,NA,data/bls_raw/SMU23000006000000001.json
SMU23000006500000001,NA,data/bls_raw/SMU23000006500000001.json
SMU23000007000000001,NA,data/bls_raw/SMU23000007000000001.json
SMU23000008000000001,NA,data/bls_raw/SMU23000008000000001.json
SMU23000009000000001,NA,data/bls_raw/SMU23000009000000001.json
SMU24000001000000001,NA,data/bls_raw/SMU24000001000000001.json
SMU24000002000000001,NA,data/bls_raw/SMU24000002000000001.json
SMU24000003000000001,NA,data/bls_raw/SMU24000003000000001.json
SMU24000004200000001,NA,data/bls_raw/SMU24000004200000001.json
SMU24000005000000001,NA,data/bls_raw/SMU24000005000000001.json
SMU24000005500000001,NA,data/bls_raw/SMU24000005500000001.json
SMU24000006000000001,NA,data/bls_raw/SMU24000006000000001.json
SMU24000006500000001,NA,data/bls_raw/SMU24000006500000001.json
SMU24000007000000001,NA,data/bls_raw/SMU24000007000000001.json
SMU24000008000000001,NA,data/bls_raw/SMU24000008000000001.json
SMU24000009000000001,NA,data/bls_raw/SMU24000009000000001.json
SMU25000001000000001,NA,data/bls_raw/SMU25000001000000001.json
SMU25000002000000001,NA,data/bls_raw/SMU25000002000000001.json
SMU25000003000000001,NA,data/bls_raw/SMU25000003000000001.json
SMU25000004200000001,NA,data/bls_raw/SMU25000004200000001.json
SMU25000005000000001,NA,data/bls_raw/SMU25000005000000001.json
SMU25000005500000001,NA,data/bls_raw/SMU25000005500000001.json
SMU25000006000000001,NA,data/bls_raw/SMU25000006000000001.json
SMU25000006500000001,NA,data/bls_raw/SMU25000006500000001.json
SMU25000007000000001,NA,data/bls_raw/SMU25000007000000001.json
SMU25000008000000001,NA,data/bls_raw/SMU25000008000000001.json
SMU25000009000000001,NA,data/bls_raw/SMU25000009000000001.json
SMU26000001000000001,NA,data/bls_raw/SMU26000001000000001.json
SMU26000002000000001,NA,data/bls_raw/SMU26000002000000001.json
SMU26000003000000001,NA,data/bls_raw/SMU26000003000000001.json
SMU26000004200000001,NA,data/bls_raw/SMU26000004200000001.json
SMU26000005000000001,NA,data/bls_raw/SMU26000005000000001.json
SMU26000005500000001,NA,data/bls_raw/SMU26000005500000001.json
SMU26000006000000001,NA,data/bls_raw/SMU26000006000000001.json
SMU26000006500000001,NA,data/bls_raw/SMU26000006500000001.json
SMU26000007000000001,NA,data/bls_raw/SMU26000007000000001.json
SMU26000008000000001,NA,data/bls_raw/SMU26000008000000001.json
SMU26000009000000001,NA,data/bls_raw/SMU26000009000000001.json
SMU27000001000000001,NA,data/bls_raw/SMU27000001000000001.json
SMU27000002000000001,NA,data/bls_raw/SMU27000002000000001.json
SMU27000003000000001,NA,data/bls_raw/SMU27000003000000001.json
SMU27000004200000001,NA,data/bls_raw/SMU27000004200000001.json
SMU27000005000000001,NA,data/bls_raw/SMU27000005000000001.json
SMU27000005500000001,NA,data/bls_raw/SMU27000005500000001.json
SMU27000006000000001,NA,data/bls_raw/SMU27000006000000001.json
SMU27000006500000001,NA,data/bls_raw/SMU27000006500000001.json
SMU27000007000000001,NA,data/bls_raw/SMU27000007000000001.json
SMU27000008000000001,NA,data/bls_raw/SMU27000008000000001.json
SMU27000009000000001,NA,data/bls_raw/SMU27000009000000001.json
SMU28000001000000001,NA,data/bls_raw/SMU28000001000000001.json
SMU28000002000000001,NA,data/bls_raw/SMU28000002000000001.json
SMU28000003000000001,NA,data/bls_raw/SMU28000003000000001.json
SMU28000004200000001,NA,data/bls_raw/SMU28000004200000001.json
SMU28000005000000001,NA,data/bls_raw/SMU28000005000000001.json
SMU28000005500000001,NA,data/bls_raw/SMU28000005500000001.json
SMU28000006000000001,NA,data/bls_raw/SMU28000006000000001.json
SMU28000006500000001,NA,data/bls_raw/SMU28000006500000001.json
SMU28000007000000001,NA,data/bls_raw/SMU28000007000000001.json
SMU28000008000000001,NA,data/bls_raw/SMU28000008000000001.json
SMU28000009000000001,NA,data/bls_raw/SMU28000009000000001.json
SMU29000001000000001,NA,data/bls_raw/SMU29000001000000001.json
SMU29000002000000001,NA,data/bls_raw/SMU29000002000000001.json
SMU29000003000000001,NA,data/bls_raw/SMU29000003000000001.json
SMU29000004200000001,NA,data/bls_raw/SMU29000004200000001.json
SMU29000005000000001,NA,data/bls_raw/SMU29000005000000001.json
SMU29000005500000001,NA,data/bls_raw/SMU29000005500000001.json
SMU29000006000000001,NA,data/bls_raw/SMU29000006000000001.json
SMU29000006500000001,NA,data/bls_raw/SMU29000006500000001.json
SMU29000007000000001,NA,data/bls_raw/SMU29000007000000001.json
SMU29000008000000001,NA,data/bls_raw/SMU29000008000000001.json
SMU29000009000000001,NA,data/bls_raw/SMU29000009000000001.json
SMU30000001000000001,NA,data/bls_raw/SMU30000001000000001.json
SMU30000002000000001,NA,data/bls_raw/SMU30000002000000001.json
SMU30000003000000001,NA,data/bls_raw/SMU30000003000000001.json
SMU30000004200000001,NA,data/bls_raw/SMU30000004200000001.json
SMU30000005000000001,NA,data/bls_raw/SMU30000005000000001.json
SMU30000005500000001,NA,data/bls_raw/SMU30000005500000001.json
SMU30000006000000001,NA,data/bls_raw/SMU30000006000000001.json
SMU30000006500000001,NA,data/bls_raw/SMU30000006500000001.json
SMU30000007000000001,NA,data/bls_raw/SMU30000007000000001.json
SMU30000008000000001,NA,data/bls_raw/SMU30000008000000001.json
SMU30000009000000001,NA,data/bls_raw/SMU30000009000000001.json
SMU31000001000000001,NA,data/bls_raw/SMU31000001000000001.json
SMU31000002000000001,NA,data/bls_raw/SMU31000002000000001.json
SMU31000003000000001,NA,data/bls_raw/SMU31000003000000001.json
SMU31000004200000001,NA,data/bls_raw/SMU31000004200000001.json
SMU31000005000000001,NA,data/bls_raw/SMU31000005000000001.json
SMU31000005500000001,NA,data/bls_raw/SMU31000005500000001.json
SMU31000006000000001,NA,data/bls_raw/SMU31000006000000001.json
SMU31000006500000001,NA,data/bls_raw/SMU31000006500000001.json
SMU31000007000000001,NA,data/bls_raw/SMU31000007000000001.json
SMU31000008000000001,NA,data/bls_raw/SMU31000008000000001.json
SMU31000009000000001,NA,data/bls_raw/SMU31000009000000001.json
SMU32000001000000001,NA,data/bls_raw/SMU32000001000000001.json
SMU32000002000000001,NA,data/bls_raw/SMU32000002000000001.json
SMU32000003000000001,NA,data/bls_raw/SMU32000003000000001.json
SMU32000004200000001,NA,data/bls_raw/SMU32000004200000001.json
SMU32000005000000001,NA,data/bls_raw/SMU32000005000000001.json
SMU32000005500000001,NA,data/bls_raw/SMU32000005500000001.json
SMU32000006000000001,NA,data/bls_raw/SMU32000006000000001.json
SMU32000006500000001,NA,data/bls_raw/SMU32000006500000001.json
SMU32000007000000001,NA,data/bls_raw/SMU32000007000000001.json
SMU32000008000000001,NA,data/bls_raw/SMU32000008000000001.json
SMU32000009000000001,NA,data/bls_raw/SMU32000009000000001.json
SMU33000001000000001,NA,data/bls_raw/SMU33000001000000001.json
SMU33000002000000001,NA,data/bls_raw/SMU33000002000000001.json
SMU33000003000000001,NA,data/bls_raw/SMU33000003000000001.json
SMU33000004200000001,NA,data/bls_raw/SMU33000004200000001.json
SMU33000005000000001,NA,data/bls_raw/SMU33000005000000001.json
SMU33000005500000001,NA,data/bls_raw/SMU33000005500000001.json
SMU33000006000000001,NA,data/bls_raw/SMU33000006000000001.json
SMU33000006500000001,NA,data/bls_raw/SMU33000006500000001.json
SMU33000007000000001,NA,data/bls_raw/SMU33000007000000001.json
SMU33000008000000001,NA,data/bls_raw/SMU33000008000000001.json
SMU33000009000000001,NA,data/bls_raw/SMU33000009000000001.json
SMU34000001000000001,NA,data/bls_raw/SMU34000001000000001.json
SMU34000002000000001,NA,data/bls_raw/SMU34000002000000001.json
SMU34000003000000001,NA,data/bls_raw/SMU34000003000000001.json
SMU34000004200000001,NA,data/bls_raw/SMU34000004200000001.json
SMU34000005000000001,NA,data/bls_raw/SMU34000005000000001.json
SMU34000005500000001,NA,data/bls_raw/SMU34000005500000001.json
SMU34000006000000001,NA,data/bls_raw/SMU34000006000000001.json
SMU34000006500000001,NA,data/bls_raw/SMU34000006500000001.json
SMU34000007000000001,NA,data/bls_raw/SMU34000007000000001.json
SMU34000008000000001,NA,data/bls_raw/SMU34000008000000001.json
SMU34000009000000001,NA,data/bls_raw/SMU34000009000000001.json
SMU35000001000000001,NA,data/bls_raw/SMU35000001000000001.json
SMU35000002000000001,NA,data/bls_raw/SMU35000002000000001.json
SMU35000003000000001,NA,data/bls_raw/SMU35000003000000001.json
SMU35000004200000001,NA,data/bls_raw/SMU35000004200000001.json
SMU35000005000000001,NA,data/bls_raw/SMU35000005000000001.json
SMU35000005500000001,NA,data/bls_raw/SMU35000005500000001.json
SMU35000006000000001,NA,data/bls_raw/SMU35000006000000001.json
SMU35000006500000001,NA,data/bls_raw/SMU35000006500000001.json
SMU35000007000000001,NA,data/bls_raw/SMU35000007000000001.json
SMU35000008000000001,NA,data/bls_raw/SMU35000008000000001.json
SMU35000009000000001,NA,data/bls_raw/SMU35000009000000001.json
SMU36000001000000001,NA,data/bls_raw/SMU36000001000000001.json
SMU36000002000000001,NA,data/bls_raw/SMU36000002000000001.json
SMU36000003000000001,NA,data/bls_raw/SMU36000003000000001.json
SMU36000004200000001,NA,data/bls_raw/SMU36000004200000001.json
SMU36000005000000001,NA,data/bls_raw/SMU36000005000000001.json
SMU36000005500000001,NA,data/bls_raw/SMU36000005500000001.json
SMU36000006000000001,NA,data/bls_raw/SMU36000006000000001.json
SMU36000006500000001,NA,data/bls_raw/SMU36000006500000001.json
SMU36000007000000001,NA,data/bls_raw/SMU36000007000000001.json
SMU36000008000000001,NA,data/bls_raw/SMU36000008000000001.json
SMU36000009000000001,NA,data/bls_raw/SMU36000009000000001.json
SMU37000001000000001,NA,data/bls_raw/SMU37000001000000001.json
SMU37000002000000001,NA,data/bls_raw/SMU37000002000000001.json
SMU37000003000000001,NA,data/bls_raw/SMU37000003000000001.json
SMU37000004200000001,NA,data/bls_raw/SMU37000004200000001.json
SMU37000005000000001,NA,data/bls_raw/SMU37000005000000001.json
SMU37000005500000001,NA,data/bls_raw/SMU37000005500000001.json
SMU37000006000000001,NA,data/bls_raw/SMU37000006000000001.json
SMU37000006500000001,NA,data/bls_raw/SMU37000006500000001.json
SMU37000007000000001,NA,data/bls_raw/SMU37000007000000001.json
SMU37000008000000001,NA,data/bls_raw/SMU37000008000000001.json
SMU37000009000000001,NA,data/bls_raw/SMU37000009000000001.json
SMU38000001000000001,NA,data/bls_raw/SMU38000001000000001.json
SMU38000002000000001,NA,data/bls_raw/SMU38000002000000001.json
SMU38000003000000001,NA,data/bls_raw/SMU38000003000000001.json
SMU38000004200000001,NA,data/bls_raw/SMU38000004200000001.json
SMU38000005000000001,NA,data/bls_raw/SMU38000005000000001.json
SMU38000005500000001,NA,data/bls_raw/SMU38000005500000001.json
SMU38000006000000001,NA,data/bls_raw/SMU38000006000000001.json
SMU38000006500000001,NA,data/bls_raw/SMU38000006500000001.json
SMU38000007000000001,NA,data/bls_raw/SMU38000007000000001.json
SMU38000008000000001,NA,data/bls_raw/SMU38000008000000001.json
SMU38000009000000001,NA,data/bls_raw/SMU38000009000000001.json
SMU39000001000000001,NA,data/bls_raw/SMU39000001000000001.json
SMU39000002000000001,NA,data/bls_raw/SMU39000002000000001.json
SMU39000003000000001,NA,data/bls_raw/SMU39000003000000001.json
SMU39000004200000001,NA,data/bls_raw/SMU39000004200000001.json
SMU39000005000000001,NA,data/bls_raw/SMU39000005000000001.json
SMU39000005500000001,NA,data/bls_raw/SMU39000005500000001.json
SMU39000006000000001,NA,data/bls_raw/SMU39000006000000001.json
SMU39000006500000001,NA,data/bls_raw/SMU39000006500000001.json
SMU39000007000000001,NA,data/bls_raw/SMU39000007000000001.json
SMU39000008000000001,NA,data/bls_raw/SMU39000008000000001.json
SMU39000009000000001,NA,data/bls_raw/SMU39000009000000001.json
SMU40000001000000001,NA,data/bls_raw/SMU40000001000000001.json
SMU40000002000000001,NA,data/bls_raw/SMU40000002000000001.json
SMU40000003000000001,NA,data/bls_raw/SMU40000003000000001.json
SMU40000004200000001,NA,data/bls_raw/SMU40000004200000001.json
SMU40000005000000001,NA,data/bls_raw/SMU40000005000000001.json
SMU40000005500000001,NA,data/bls_raw/SMU40000005500000001.json
SMU40000006000000001,NA,data/bls_raw/SMU40000006000000001.json
SMU40000006500000001,NA,data/bls_raw/SMU40000006500000001.json
SMU40000007000000001,NA,data/bls_raw/SMU40000007000000001.json
SMU40000008000000001,NA,data/bls_raw/SMU40000008000000001.json
SMU40000009000000001,NA,data/bls_raw/SMU40000009000000001.json
SMU41000001000000001,NA,data/bls_raw/SMU41000001000000001.json
SMU41000002000000001,NA,data/bls_raw/SMU41000002000000001.json
SMU41000003000000001,NA,data/bls_raw/SMU41000003000000001.json
SMU41000004200000001,NA,data/bls_raw/SMU41000004200000001.json
SMU41000005000000001,NA,data/bls_raw/SMU41000005000000001.json
SMU41000005500000001,NA,data/bls_raw/SMU41000005500000001.json
SMU41000006000000001,NA,data/bls_raw/SMU41000006000000001.json
SMU41000006500000001,NA,data/bls_raw/SMU41000006500000001.json
SMU41000007000000001,NA,data/bls_raw/SMU41000007000000001.json
SMU41000008000000001,NA,data/bls_raw/SMU41000008000000001.json
SMU41000009000000001,NA,data/bls_raw/SMU41000009000000001.json
SMU42000001000000001,NA,data/bls_raw/SMU42000001000000001.json
SMU42000002000000001,NA,data/bls_raw/SMU42000002000000001.json
SMU42000003000000001,NA,data/bls_raw/SMU42000003000000001.json
SMU42000004200000001,NA,data/bls_raw/SMU42000004200000001.json
SMU42000005000000001,NA,data/bls_raw/SMU42000005000000001.json
SMU42000005500000001,NA,data/bls_raw/SMU42000005500000001.json
SMU42000006000000001,NA,data/bls_raw/SMU42000006000000001.json
SMU42000006500000001,NA,data/bls_raw/SMU42000006500000001.json
SMU42000007000000001,NA,data/bls_raw/SMU42000007000000001.json
SMU42000008000000001,NA,data/bls_raw/SMU42000008000000001.json
SMU42000009000000001,NA,data/bls_raw/SMU42000009000000001.json
SMU44000001000000001,NA,data/bls_raw/SMU44000001000000001.json
SMU44000002000000001,NA,data/bls_raw/SMU44000002000000001.json
SMU44000003000000001,NA,data/bls_raw/SMU44000003000000001.json
SMU44000004200000001,NA,data/bls_raw/SMU44000004200000001.json
SMU44000005000000001,NA,data/bls_raw/SMU44000005000000001.json
SMU44000005500000001,NA,data/bls_raw/SMU44000005500000001.json
SMU44000006000000001,NA,data/bls_raw/SMU44000006000000001.json
SMU44000006500000001,NA,data/bls_raw/SMU44000006500000001.json
SMU44000007000000001,NA,data/bls_raw/SMU44000007000000001.json
SMU44000008000000001,NA,data/bls_raw/SMU44000008000000001.json
SMU44000009000000001,NA,data/bls_raw/SMU44000009000000001.json
SMU45000001000000001,NA,data/bls_raw/SMU45000001000000001.json
SMU45000002000000001,NA,data/bls_raw/SMU45000002000000001.json
SMU45000003000000001,NA,data/bls_raw/SMU45000003000000001.json
SMU45000004200000001,NA,data/bls_raw/SMU45000004200000001.json
SMU45000005000000001,NA,data/bls_raw/SMU45000005000000001.json
SMU45000005500000001,NA,data/bls_raw/SMU45000005500000001.json
SMU45000006000000001,NA,data/bls_raw/SMU45000006000000001.json
SMU45000006500000001,NA,data/bls_raw/SMU45000006500000001.json
SMU45000007000000001,NA,data/bls_raw/SMU45000007000000001.json
SMU45000008000000001,NA,data/bls_raw/SMU45000008000000001.json
SMU45000009000000001,NA,data/bls_raw/SMU45000009000000001.json
SMU46000001000000001,NA,data/bls_raw/SMU46000001000000001.json
SMU46000002000000001,NA,data/bls_raw/SMU46000002000000001.json
SMU46000003000000001,NA,data/bls_raw/SMU46000003000000001.json
SMU46000004200000001,NA,data/bls_raw/SMU46000004200000001.json
SMU46000005000000001,NA,data/bls_raw/SMU46000005000000001.json
SMU46000005500000001,NA,data/bls_raw/SMU46000005500000001.json
SMU46000006000000001,NA,data/bls_raw/SMU46000006000000001.json
SMU46000006500000001,NA,data/bls_raw/SMU46000006500000001.json
SMU46000007000000001,NA,data/bls_raw/SMU46000007000000001.json
SMU46000008000000001,NA,data/bls_raw/SMU46000008000000001.json
SMU46000009000000001,NA,data/bls_raw/SMU46000009000000001.json
SMU47000001000000001,NA,data/bls_raw/SMU47000001000000001.json
SMU47000002000000001,NA,data/bls_raw/SMU47000002000000001.json
SMU47000003000000001,NA,data/bls_raw/SMU47000003000000001.json
SMU47000004200000001,NA,data/bls_raw/SMU47000004200000001.json
SMU47000005000000001,NA,data/bls_raw/SMU47000005000000001.json
SMU47000005500000001,NA,data/bls_raw/SMU47000005500000001.json
SMU47000006000000001,NA,data/bls_raw/SMU47000006000000001.json
SMU47000006500000001,NA,data/bls_raw/SMU47000006500000001.json
SMU47000007000000001,NA,data/bls_raw/SMU47000007000000001.json
SMU47000008000000001,NA,data/bls_raw/SMU47000008000000001.json
SMU47000009000000001,NA,data/bls_raw/SMU47000009000000001.json
SMU48000001000000001,NA,data/bls_raw/SMU48000001000000001.json
SMU48000002000000001,NA,data/bls_raw/SMU48000002000000001.json
SMU48000003000000001,NA,data/bls_raw/SMU48000003000000001.json
SMU48000004200000001,NA,data/bls_raw/SMU48000004200000001.json
SMU48000005000000001,NA,data/bls_raw/SMU48000005000000001.json
SMU48000005500000001,NA,data/bls_raw/SMU48000005500000001.json
SMU48000006000000001,NA,data/bls_raw/SMU48000006000000001.json
SMU48000006500000001,NA,data/bls_raw/SMU48000006500000001.json
SMU48000007000000001,NA,data/bls_raw/SMU48000007000000001.json
SMU48000008000000001,NA,data/bls_raw/SMU48000008000000001.json
SMU48000009000000001,NA,data/bls_raw/SMU48000009000000001.json
SMU49000001000000001,NA,data/bls_raw/SMU49000001000000001.json
SMU49000002000000001,NA,data/bls_raw/SMU49000002000000001.json
SMU49000003000000001,NA,data/bls_raw/SMU49000003000000001.json
SMU49000004200000001,NA,data/bls_raw/SMU49000004200000001.json
SMU49000005000000001,NA,data/bls_raw/SMU49000005000000001.json
SMU49000005500000001,NA,data/bls_raw/SMU49000005500000001.json
SMU49000006000000001,NA,data/bls_raw/SMU49000006000000001.json
SMU49000006500000001,NA,data/bls_raw/SMU49000006500000001.json
SMU49000007000000001,NA,data/bls_raw/SMU49000007000000001.json
SMU49000008000000001,NA,data/bls_raw/SMU49000008000000001.json
SMU49000009000000001,NA,data/bls_raw/SMU49000009000000001.json
SMU50000001000000001,NA,data/bls_raw/SMU50000001000000001.json
SMU50000002000000001,NA,data/bls_raw/SMU50000002000000001.json
SMU50000003000000001,NA,data/bls_raw/SMU50000003000000001.json
SMU50000004200000001,NA,data/bls_raw/SMU50000004200000001.json
SMU50000005000000001,NA,data/bls_raw/SMU50000005000000001.json
SMU50000005500000001,NA,data/bls_raw/SMU50000005500000001.json
SMU50000006000000001,NA,data/bls_raw/SMU50000006000000001.json
SMU50000006500000001,NA,data/bls_raw/SMU50000006500000001.json
SMU50000007000000001,NA,data/bls_raw/SMU50000007000000001.json
SMU50000008000000001,NA,data/bls_raw/SMU50000008000000001.json
SMU50000009000000001,NA,data/bls_raw/SMU50000009000000001.json
SMU51000001000000001,NA,data/bls_raw/SMU51000001000000001.json
SMU51000002000000001,NA,data/bls_raw/SMU51000002000000001.json
SMU51000003000000001,NA,data/bls_raw/SMU51000003000000001.json
SMU51000004200000001,NA,data/bls_raw/SMU51000004200000001.json
SMU51000005000000001,NA,data/bls_raw/SMU51000005000000001.json
SMU51000005500000001,NA,data/bls_raw/SMU51000005500000001.json
SMU51000006000000001,NA,data/bls_raw/SMU51000006000000001.json
SMU51000006500000001,NA,data/bls_raw/SMU51000006500000001.json
SMU51000007000000001,NA,data/bls_raw/SMU51000007000000001.json
SMU51000008000000001,NA,data/bls_raw/SMU51000008000000001.json
SMU51000009000000001,NA,data/bls_raw/SMU51000009000000001.json
SMU53000001000000001,NA,data/bls_raw/SMU53000001000000001.json
SMU53000002000000001,NA,data/bls_raw/SMU53000002000000001.json
SMU53000003000000001,NA,data/bls_raw/SMU53000003000000001.json
SMU53000004200000001,NA,data/bls_raw/SMU53000004200000001.json
SMU53000005000000001,NA,data/bls_raw/SMU53000005000000001.json
SMU53000005500000001,NA,data/bls_raw/SMU53000005500000001.json
SMU53000006000000001,NA,data/bls_raw/SMU53000006000000001.json
SMU53000006500000001,NA,data/bls_raw/SMU53000006500000001.json
SMU53000007000000001,NA,data/bls_raw/SMU53000007000000001.json
SMU53000008000000001,NA,data/bls_raw/SMU53000008000000001.json
SMU53000009000000001,NA,data/bls_raw/SMU53000009000000001.json
SMU54000001000000001,NA,data/bls_raw/SMU54000001000000001.json
SMU54000002000000001,NA,data/bls_raw/SMU54000002000000001.json
SMU54000003000000001,NA,data/bls_raw/SMU54000003000000001.json
SMU54000004200000001,NA,data/bls_raw/SMU54000004200000001.json
SMU54000005000000001,NA,data/bls_raw/SMU54000005000000001.json
SMU54000005500000001,NA,data/bls_raw/SMU54000005500000001.json
SMU54000006000000001,NA,data/bls_raw/SMU54000006000000001.json
SMU54000006500000001,NA,data/bls_raw/SMU54000006500000001.json
SMU54000007000000001,NA,data/bls_raw/SMU54000007000000001.json
SMU54000008000000001,NA,data/bls_raw/SMU54000008000000001.json
SMU54000009000000001,NA,data/bls_raw/SMU54000009000000001.json
SMU55000001000000001,NA,data/bls_raw/SMU55000001000000001.json
SMU55000002000000001,NA,data/bls_raw/SMU55000002000000001.json
SMU55000003000000001,NA,data/bls_raw/SMU55000003000000001.json
SMU55000004200000001,NA,data/bls_raw/SMU55000004200000001.json
SMU55000005000000001,NA,data/bls_raw/SMU55000005000000001.json
SMU55000005500000001,NA,data/bls_raw/SMU55000005500000001.json
SMU55000006000000001,NA,data/bls_raw/SMU55000006000000001.json
SMU55000006500000001,NA,data/bls_raw/SMU55000006500000001.json
SMU55000007000000001,NA,data/bls_raw/SMU55000007000000001.json
SMU55000008000000001,NA,data/bls_raw/SMU55000008000000001.json
SMU55000009000000001,NA,data/bls_raw/SMU55000009000000001.json
SMU56000001000000001,NA,data/bls_raw/SMU56000001000000001.json
SMU56000002000000001,NA,data/bls_raw/SMU56000002000000001.json
SMU56000003000000001,NA,data/bls_raw/SMU56000003000000001.json
SMU56000004200000001,NA,data/bls_raw/SMU56000004200000001.json
SMU56000005000000001,NA,data/bls_raw/SMU56000005000000001.json
SMU56000005500000001,NA,data/bls_raw/SMU56000005500000001.json
SMU56000006000000001,NA,data/bls_raw/SMU56000006000000001.json
SMU56000006500000001,NA,data/bls_raw/SMU56000006500000001.json
SMU56000007000000001,NA,data/bls_raw/SMU56000007000000001.json
SMU56000008000000001,NA,data/bls_raw/SMU56000008000000001.json
SMU56000009000000001,NA,data/bls_raw/SMU56000009000000001.json
SMU72000001000000001,NA,data/bls_raw/SMU72000001000000001.json
SMU72000002000000001,NA,data/bls_raw/SMU72000002000000001.json
SMU72000003000000001,NA,data/bls_raw/SMU72000003000000001.json
SMU72000004200000001,NA,data/bls_raw/SMU72000004200000001.json
SMU72000005000000001,NA,data/bls_raw/SMU72000005000000001.json
SMU72000005500000001,NA,data/bls_raw/SMU72000005500000001.json
SMU72000006000000001,NA,data/bls_raw/SMU72000006000000001.json
SMU72000006500000001,NA,data/bls_raw/SMU72000006500000001.json
SMU72000007000000001,NA,data/bls_raw/SMU72000007000000001.json
SMU72000008000000001,NA,data/bls_raw/SMU72000008000000001.json
SMU72000009000000001,NA,data/bls_raw/SMU72000009000000001.json
SMU78000003000000001,NA,data/bls_raw/SMU78000003000000001.json
SMU78000004200000001,NA,data/bls_raw/SMU78000004200000001.json
SMU78000005000000001,NA,data/bls_raw/SMU78000005000000001.json
SMU78000005500000001,NA,data/bls_raw/SMU78000005500000001.json
SMU78000006000000001,NA,data/bls_raw/SMU78000006000000001.json
SMU78000006500000001,NA,data/bls_raw/SMU78000006500000001.json
SMU78000007000000001,NA,data/bls_raw/SMU78000007000000001.json
SMU78000008000000001,NA,data/bls_raw/SMU78000008000000001.json
SMU78000009000000001,NA,data/bls_raw/SMU78000009000000001.json
LAUST010000000000003,NA,data/bls_raw/LAUST010000000000003.json
LAUST010000000000006,NA,data/bls_raw/LAUST010000000000006.json
LAUST010000000000008,NA,data/bls_raw/LAUST010000000000008.json
LAUST020000000000003,NA,data/bls_raw/LAUST020000000000003.json
LAUST020000000000006,NA,data/bls_raw/LAUST020000000000006.json
LAUST020000000000008,NA,data/bls_raw/LAUST020000000000008.json
LAUST040000000000003,NA,data/bls_raw/LAUST040000000000003.json
LAUST040000000000006,NA,data/bls_raw/LAUST040000000000006.json
LAUST040000000000008,NA,data/bls_raw/LAUST040000000000008.json
LAUST050000000000003,NA,data/bls_raw/LAUST050000000000003.json
LAUST050000000000006,NA,data/bls_raw/LAUST050000000000006.json
LAUST050000000000008,NA,data/bls_raw/LAUST050000000000008.json
LAUST060000000000003,NA,data/bls_raw/LAUST060000000000003.json
LAUST060000000000006,NA,data/bls_raw/LAUST060000000000006.json
LAUST060000000000008,NA,data/bls_raw/LAUST060000000000008.json
LAUST080000000000003,NA,data/bls_raw/LAUST080000000000003.json
LAUST080000000000006,NA,data/bls_raw/LAUST080000000000006.json
LAUST080000000000008,NA,data/bls_raw/LAUST080000000000008.json
LAUST090000000000003,NA,data/bls_raw/LAUST090000000000003.json
LAUST090000000000006,NA,data/bls_raw/LAUST090000000000006.json
LAUST090000000000008,NA,data/bls_raw/LAUST090000000000008.json
LAUST100000000000003,NA,data/bls_raw/LAUST100000000000003.json
LAUST100000000000006,NA,data/bls_raw/LAUST100000000000006.json
LAUST100000000000008,NA,data/bls_raw/LAUST100000000000008.json
LAUST110000000000003,NA,data/bls_raw/LAUST110000000000003.json
LAUST110000000000006,NA,data/bls_raw/LAUST110000000000006.json
LAUST110000000000008,NA,data/bls_raw/LAUST110000000000008.json
LAUST120000000000003,NA,data/bls_raw/LAUST120000000000003.json
LAUST120000000000006,NA,data/bls_raw/LAUST120000000000006.json
LAUST120000000000008,NA,data/bls_raw/LAUST120000000000008.json
LAUST130000000000003,NA,data/bls_raw/LAUST130000000000003.json
LAUST130000000000006,NA,data/bls_raw/LAUST130000000000006.json
LAUST130000000000008,NA,data/bls_raw/LAUST130000000000008.json
LAUST150000000000003,NA,data/bls_raw/LAUST150000000000003.json
LAUST150000000000006,NA,data/bls_raw/LAUST150000000000006.json
LAUST150000000000008,NA,data/bls_raw/LAUST150000000000008.json
LAUST160000000000003,NA,data/bls_raw/LAUST160000000000003.json
LAUST160000000000006,NA,data/bls_raw/LAUST160000000000006.json
LAUST160000000000008,NA,data/bls_raw/LAUST160000000000008.json
LAUST170000000000003,NA,data/bls_raw/LAUST170000000000003.json
LAUST170000000000006,NA,data/bls_raw/LAUST170000000000006.json
LAUST170000000000008,NA,data/bls_raw/LAUST170000000000008.json
LAUST180000000000003,NA,data/bls_raw/LAUST180000000000003.json
LAUST180000000000006,NA,data/bls_raw/LAUST180000000000006.json
LAUST180000000000008,NA,data/bls_raw/LAUST180000000000008.json
LAUST190000000000003,NA,data/bls_raw/LAUST190000000000003.json
LAUST190000000000006,NA,data/bls_raw/LAUST190000000000006.json
LAUST190000000000008,NA,data/bls_raw/LAUST190000000000008.json
LAUST200000000000003,NA,data/bls_raw/LAUST200000000000003.json
LAUST200000000000006,NA,data/bls_raw/LAUST200000000000006.json
LAUST200000000000008,NA,data/bls_raw/LAUST200000000000008.json
LAUST210000000000003,NA,data/bls_raw/LAUST210000000000003.json
LAUST210000000000006,NA,data/bls_raw/LAUST210000000000006.json
LAUST210000000000008,NA,data/bls_raw/LAUST210000000000008.json
LAUST220000000000003,NA,data/bls_raw/LAUST220000000000003.json
LAUST220000000000006,NA,data/bls_raw/LAUST220000000000006.json
LAUST220000000000008,NA,data/bls_raw/LAUST220000000000008.json
LAUST230000000000003,NA,data/bls_raw/LAUST230000000000003.json
LAUST230000000000006,NA,data/bls_raw/LAUST230000000000006.json
LAUST230000000000008,NA,data/bls_raw/LAUST230000000000008.json
LAUST240000000000003,NA,data/bls_raw/LAUST240000000000003.json
LAUST240000000000006,NA,data/bls_raw/LAUST240000000000006.json
LAUST240000000000008,NA,data/bls_raw/LAUST240000000000008.json
LAUST250000000000003,NA,data/bls_raw/LAUST250000000000003.json
LAUST250000000000006,NA,data/bls_raw/LAUST250000000000006.json
LAUST250000000000008,NA,data/bls_raw/LAUST250000000000008.json
LAUST260000000000003,NA,data/bls_raw/LAUST260000000000003.json
LAUST260000000000006,NA,data/bls_raw/LAUST260000000000006.json
LAUST260000000000008,NA,data/bls_raw/LAUST260000000000008.json
LAUST270000000000003,NA,data/bls_raw/LAUST270000000000003.json
LAUST270000000000006,NA,data/bls_raw/LAUST270000000000006.json
LAUST270000000000008,NA,data/bls_raw/LAUST270000000000008.json
LAUST280000000000003,NA,data/bls_raw/LAUST280000000000003.json
LAUST280000000000006,NA,data/bls_raw/LAUST280000000000006.json
LAUST280000000000008,NA,data/bls_raw/LAUST280000000000008.json
LAUST290000000000003,NA,data/bls_raw/LAUST290000000000003.json
SMU01000001000000001,NA,data/bls_raw/SMU01000001000000001.json
SMU01000002000000001,NA,data/bls_raw/SMU01000002000000001.json
LAUST290000000000006,NA,data/bls_raw/LAUST290000000000006.json
LAUST290000000000008,NA,data/bls_raw/LAUST290000000000008.json
LAUST300000000000003,NA,data/bls_raw/LAUST300000000000003.json
LAUST300000000000006,NA,data/bls_raw/LAUST300000000000006.json
LAUST300000000000008,NA,data/bls_raw/LAUST300000000000008.json
LAUST310000000000003,NA,data/bls_raw/LAUST310000000000003.json
LAUST310000000000006,NA,data/bls_raw/LAUST310000000000006.json
LAUST310000000000008,NA,data/bls_raw/LAUST310000000000008.json
LAUST320000000000003,NA,data/bls_raw/LAUST320000000000003.json
LAUST320000000000006,NA,data/bls_raw/LAUST320000000000006.json
LAUST320000000000008,NA,data/bls_raw/LAUST320000000000008.json
LAUST330000000000003,NA,data/bls_raw/LAUST330000000000003.json
LAUST330000000000006,NA,data/bls_raw/LAUST330000000000006.json
LAUST330000000000008,NA,data/bls_raw/LAUST330000000000008.json
LAUST340000000000003,NA,data/bls_raw/LAUST340000000000003.json
LAUST340000000000006,NA,data/bls_raw/LAUST340000000000006.json
LAUST340000000000008,NA,data/bls_raw/LAUST340000000000008.json
LAUST350000000000003,NA,data/bls_raw/LAUST350000000000003.json
LAUST350000000000006,NA,data/bls_raw/LAUST350000000000006.json
LAUST350000000000008,NA,data/bls_raw/LAUST350000000000008.json
LAUST360000000000003,NA,data/bls_raw/LAUST360000000000003.json
LAUST360000000000006,NA,data/bls_raw/LAUST360000000000006.json
LAUST360000000000008,NA,data/bls_raw/LAUST360000000000008.json
LAUST370000000000003,NA,data/bls_raw/LAUST370000000000003.json
LAUST370000000000006,NA,data/bls_raw/LAUST370000000000006.json
LAUST370000000000008,NA,data/bls_raw/LAUST370000000000008.json
LAUST380000000000003,NA,data/bls_raw/LAUST380000000000003.json
LAUST380000000000006,NA,data/bls_raw/LAUST380000000000006.json
LAUST380000000000008,NA,data/bls_raw/LAUST380000000000008.json
LAUST390000000000003,NA,data/bls_raw/LAUST390000000000003.json
LAUST390000000000006,NA,data/bls_raw/LAUST390000000000006.json
LAUST390000000000008,NA,data/bls_raw/LAUST390000000000008.json
LAUST400000000000003,NA,data/bls_raw/LAUST400000000000003.json
LAUST400000000000006,NA,data/bls_raw/LAUST400000000000006.json
LAUST400000000000008,NA,data/bls_raw/LAUST400000000000008.json
LAUST410000000000003,NA,data/bls_raw/LAUST410000000000003.json
LAUST410000000000006,NA,data/bls_raw/LAUST410000000000006.json
LAUST410000000000008,NA,data/bls_raw/LAUST410000000000008.json
LAUST420000000000003,NA,data/bls_raw/LAUST420000000000003.json
LAUST420000000000006,NA,data/bls_raw/LAUST420000000000006.json
LAUST420000000000008,NA,data/bls_raw/LAUST420000000000008.json
LAUST440000000000003,NA,data/bls_raw/LAUST440000000000003.json
LAUST440000000000006,NA,data/bls_raw/LAUST440000000000006.json
LAUST440000000000008,NA,data/bls_raw/LAUST440000000000008.json
LAUST450000000000003,NA,data/bls_raw/LAUST450000000000003.json
LAUST450000000000006,NA,data/bls_raw/LAUST450000000000006.json
LAUST450000000000008,NA,data/bls_raw/LAUST450000000000008.json
LAUST460000000000003,NA,data/bls_raw/LAUST460000000000003.json
LAUST460000000000006,NA,data/bls_raw/LAUST460000000000006.json
LAUST460000000000008,NA,data/bls_raw/LAUST460000000000008.json
LAUST470000000000003,NA,data/bls_raw/LAUST470000000000003.json
LAUST470000000000006,NA,data/bls_raw/LAUST470000000000006.json
LAUST470000000000008,NA,data/bls_raw/LAUST470000000000008.json
LAUST480000000000003,NA,data/bls_raw/LAUST480000000000003.json
LAUST480000000000006,NA,data/bls_raw/LAUST480000000000006.json
LAUST480000000000008,NA,data/bls_raw/LAUST480000000000008.json
LAUST490000000000003,NA,data/bls_raw/LAUST490000000000003.json
LAUST490000000000006,NA,data/bls_raw/LAUST490000000000006.json
LAUST490000000000008,NA,data/bls_raw/LAUST490000000000008.json
LAUST500000000000003,NA,data/bls_raw/LAUST500000000000003.json
LAUST500000000000006,NA,data/bls_raw/LAUST500000000000006.json
LAUST500000000000008,NA,data/bls_raw/LAUST500000000000008.json
LAUST510000000000003,NA,data/bls_raw/LAUST510000000000003.json
LAUST510000000000006,NA,data/bls_raw/LAUST510000000000006.json
LAUST510000000000008,NA,data/bls_raw/LAUST510000000000008.json
LAUST530000000000003,NA,data/bls_raw/LAUST530000000000003.json
LAUST530000000000006,NA,data/bls_raw/LAUST530000000000006.json
LAUST530000000000008,NA,data/bls_raw/LAUST530000000000008.json
LAUST540000000000003,NA,data/bls_raw/LAUST540000000000003.json
LAUST540000000000006,NA,data/bls_raw/LAUST540000000000006.json
LAUST540000000000008,NA,data/bls_raw/LAUST540000000000008.json
LAUST550000000000003,NA,data/bls_raw/LAUST550000000000003.json
LAUST550000000000006,NA,data/bls_raw/LAUST550000000000006.json
LAUST550000000000008,NA,data/bls_raw/LAUST550000000000008.json
LAUST560000000000003,NA,data/bls_raw/LAUST560000000000003.json
LAUST560000000000006,NA,data/bls_raw/LAUST560000000000006.json
LAUST560000000000008,NA,data/bls_raw/LAUST560000000000008.json
LAUST720000000000003,NA,data/bls_raw/LAUST720000000000003.json
LAUST720000000000006,NA,data/bls_raw/LAUST720000000000006.json
